rom_name,display_name,year,manufacturer,players,rotation,status,is_clone,parent,category,board
18wheelr,"18 Wheeler: American Pro Trucker (deluxe, Rev A)",2000,Sega,0,0,unknown,false,,,sega_naomi
18wheelro,18 Wheeler: American Pro Trucker (deluxe),2000,Sega,0,0,unknown,true,18wheelr,,sega_naomi
18wheelrt,"18 Wheeler: American Pro Trucker (deluxe, Rev T)",2000,Sega,0,0,unknown,true,18wheelr,,sega_naomi
18wheels,18 Wheeler: American Pro Trucker (standard),2000,Sega,0,0,unknown,true,18wheelr,,sega_naomi
18wheelu,18 Wheeler: American Pro Trucker (upright),2000,Sega,0,0,unknown,true,18wheelr,,sega_naomi
alienfnt,Alien Front (Rev T),2001,Sega,0,0,unknown,false,,,sega_naomi
alienfnta,Alien Front (Rev A),2001,Sega,0,0,unknown,true,alienfnt,,sega_naomi
alpilot,"Airline Pilots (World, Rev B)",1999,Sega,0,0,unknown,false,,,sega_naomi
alpilotj,"Airline Pilots (Japan, Rev A)",1999,Sega,0,0,unknown,false,,,sega_naomi
anmlbskt,Animal Basket / Hustle Tamaire Kyousou (24 Jan 2005),2005,MOSS / Sammy,0,270,unknown,false,,,sammy_atomiswave
anmlbskta,Animal Basket / Hustle Tamaire Kyousou (19 Jan 2005),2005,MOSS / Sammy,0,270,unknown,true,anmlbskt,,sammy_atomiswave
anpanman2,Soreike! Anpanman Popcorn Koujou 2 (Rev C),2003,Sega,0,0,unknown,false,,,sega_naomi
anpanman2a,Soreike! Anpanman Popcorn Koujou 2 (Rev A),2003,Sega,0,0,unknown,true,anpanman2,,sega_naomi
asndynmt,Asian Dynamite / Dynamite Deka EX,2007,Sega,0,0,unknown,false,,,sega_naomi
asndynmto,Asian Dynamite / Dynamite Deka EX (older),2007,Sega,0,0,unknown,true,asndynmt,,sega_naomi
ausfache,Akatsuki Blitzkampf Ausf. Achse (Japan),2008,Subtle Style,0,0,unknown,false,,,sega_naomi
azumanga,Azumanga Daioh Puzzle Bobble (GDL-0018),2002,MOSS (Taito license),0,0,unknown,false,,,sega_naomi
basschal,Sega Bass Fishing Challenge Version A,2009,Sega,0,0,unknown,false,,,sammy_atomiswave
basschalo,Sega Bass Fishing Challenge,2009,Sega,0,0,unknown,true,basschal,,sammy_atomiswave
bdrdown,Border Down (Rev A) (GDL-0023A),2003,G.Rev,0,0,unknown,false,,,sega_naomi
beachspi,Beach Spikers (GDS-0014),2001,CRI / Sega,0,0,unknown,false,,,sega_naomi_2
bingogal,Bingo Galaxy (main),2009,Sega,0,0,unknown,false,,,sega_system_sp
bingogals,Bingo Galaxy (satellite),2009,Sega,0,0,unknown,false,,,sega_system_sp
blokpong,Block Pong-Pong,2004,MOSS / Sammy,0,270,unknown,false,,,sammy_atomiswave
btlracer,Saikyou Saisoku Battle Racer,2009,Sega,0,0,unknown,false,,,sega_system_sp
capsnk,Capcom Vs. SNK: Millennium Fight 2000 (Rev C),2000,Capcom / SNK,0,0,unknown,false,,,sega_naomi
capsnka,Capcom Vs. SNK: Millennium Fight 2000 (Rev A),2000,Capcom / SNK,0,0,unknown,true,capsnk,,sega_naomi
capsnkb,Capcom Vs. SNK: Millennium Fight 2000,2000,Capcom / SNK,0,0,unknown,true,capsnk,,sega_naomi
cfield,Chaos Field (Japan) (GDL-0025),2004,Able,0,0,unknown,false,,,sega_naomi
chocomk,Musapey's Choco Marker (Rev A) (GDL-0014A),2002,Ecole Software,0,0,unknown,false,,,sega_naomi
claychal,Sega Clay Challenge,2008,Sega,0,0,unknown,false,,,sammy_atomiswave
cleoftp,Cleopatra Fortune Plus (GDL-0012),2002,Altron / Taito,0,0,unknown,false,,,sega_naomi
clubk2k3,"Club Kart: European Session (2003, Rev A)",2003,Sega,0,0,unknown,false,,,sega_naomi_2
clubk2kp,"Club Kart: European Session (2003, prototype, set 1)",2003,Sega,0,0,unknown,true,clubk2k3,,sega_naomi_2
clubk2kpa,"Club Kart: European Session (2003, prototype, set 2)",2003,Sega,0,0,unknown,true,clubk2k3,,sega_naomi_2
clubkcyc,Club Kart for Cycraft (Rev A) (GDS-0029A),2003,Sega,0,0,unknown,false,,,sega_naomi_2
clubkcyco,Club Kart for Cycraft (GDS-0029),2003,Sega,0,0,unknown,true,clubkcyc,,sega_naomi_2
clubkprz,"Club Kart Prize (Export, Japan, Rev A)",2003,Sega,0,0,unknown,false,,,sega_naomi_2
clubkpzb,"Club Kart Prize Version B (Export, Japan)",2004,Sega,0,0,unknown,false,,,sega_naomi_2
clubkpzbp,Club Kart Prize Version B (prototype),2004,Sega,0,0,unknown,true,clubkpzb,,sega_naomi_2
clubkrt,Club Kart: European Session (Rev D),2001,Sega,0,0,unknown,false,,,sega_naomi_2
clubkrta,Club Kart: European Session (Rev A),2001,Sega,0,0,unknown,true,clubkrt,,sega_naomi_2
clubkrtc,Club Kart: European Session (Rev C),2001,Sega,0,0,unknown,true,clubkrt,,sega_naomi_2
clubkrto,Club Kart: European Session,2001,Sega,0,0,unknown,true,clubkrt,,sega_naomi_2
confmiss,Confidential Mission (GDS-0001),2000,Sega,0,0,unknown,false,,,sega_naomi
crackndj,Crackin' DJ,2000,Sega,0,0,unknown,false,,,sega_naomi
crakndj2,Crackin' DJ Part 2 (Japan),2001,Sega,0,0,unknown,false,,,sega_naomi
crzytaxi,Crazy Taxi,1999,Sega,0,0,unknown,false,,,sega_naomi
csmash,Cosmic Smash (Rev A),2000,Sega,0,0,unknown,false,,,sega_naomi
csmasho,Cosmic Smash,2000,Sega,0,0,unknown,true,csmash,,sega_naomi
cspike,Cannon Spike / Gun Spike,2000,Psikyo / Capcom,0,0,unknown,false,,,sega_naomi
cvs2,Capcom Vs. SNK 2: Mark Of The Millennium 2001 (USA) (GDL-0008),2001,Capcom / SNK,0,0,unknown,false,,,sega_naomi
cvs2mf,"Capcom Vs. SNK 2: Millionaire Fighting 2001 (Japan, Rev A) (GDL-0007A)",2001,Capcom / SNK,0,0,unknown,true,cvs2,,sega_naomi
cvsgd,Capcom Vs. SNK: Millennium Fight 2000 Pro (Japan) (GDL-0004),2001,Capcom / SNK,0,0,unknown,false,,,sega_naomi
deathcox,Death Crimson OX (USA),2000,Ecole Software,0,0,unknown,false,,,sega_naomi
deathcoxj,"Death Crimson OX (Japan, Rev A)",2000,Ecole Software,0,0,unknown,true,deathcox,,sega_naomi
deathcoxo,Death Crimson OX (Japan),2000,Ecole Software,0,0,unknown,true,deathcox,,sega_naomi
demofist,Demolish Fist,2003,Polygon Magic / Dimps,0,0,unknown,false,,,sammy_atomiswave
derbyoc,"Derby Owners Club (Japan, Rev B)",1999,Sega,0,0,unknown,false,,,sega_naomi
derbyoc2,"Derby Owners Club II Ver.2.1 (Japan, Rev B)",2001,Sega,0,0,unknown,false,,,sega_naomi
dinoking,Dinosaur King (USA),2005,Sega,0,0,unknown,false,,,sega_system_sp
dirtypig,Dirty Pigskin Football,2006,Sammy,0,0,unknown,false,,,sammy_atomiswave
doa2,Dead or Alive 2,1999,Tecmo,0,0,unknown,true,doa2m,,sega_naomi
doa2a,Dead or Alive 2 (Rev A),1999,Tecmo,0,0,unknown,true,doa2m,,sega_naomi
doa2m,Dead or Alive 2 Millennium,2000,Tecmo,0,0,unknown,false,,,sega_naomi
dolphin,Dolphin Blue,2003,Sammy,0,0,unknown,false,,,sammy_atomiswave
dragntr,Dragon Treasure (Rev B) (GDS-0030B),2003,Sega,0,0,unknown,false,,,sega_naomi
dragntr2,Dragon Treasure 2 (Rev A) (GDS-0037A),2004,Sega,0,0,unknown,false,,,sega_naomi
dragntr3,Dragon Treasure 3 (Rev A) (GDS-0041A),2005,Sega,0,0,unknown,false,,,sega_naomi
dragntra,Dragon Treasure (Rev A) (GDS-0030A),2003,Sega,0,0,unknown,true,dragntr,,sega_naomi
dybb99,"Dynamite Baseball '99 (Japan, Rev B)",1999,Sega,0,0,unknown,false,,,sega_naomi
dybbnao,Dynamite Baseball NAOMI (Japan),1998,Sega,0,0,unknown,false,,,sega_naomi
dygolf,Virtua Golf / Dynamic Golf (Rev A) (GDS-0009A),2001,Sega,0,0,unknown,false,,,sega_naomi
f355,"Ferrari F355 Challenge (deluxe, no link)",1999,Sega,0,0,unknown,false,,,sega_naomi
f355twin,Ferrari F355 Challenge (twin/deluxe),1999,Sega,0,0,unknown,false,,,sega_naomi
f355twinp,"Ferrari F355 Challenge (twin/deluxe, preview)",1999,Sega,0,0,unknown,true,f355twin,,sega_naomi
f355twn2,Ferrari F355 Challenge 2 - International Course Edition (twin/deluxe),2001,Sega,0,0,unknown,false,,,sega_naomi
fotns,Fist Of The North Star / Hokuto no Ken,2005,Arc System Works / Sega,0,0,unknown,false,,,sammy_atomiswave
ftspeed,Faster Than Speed,2004,Sammy,0,0,unknown,false,,,sammy_atomiswave
galilfac,Galileo Factory (main),2008,Sega,0,0,unknown,false,,,sega_system_sp
ggisuka,Guilty Gear Isuka,2004,Arc System Works / Sammy,0,0,unknown,false,,,sammy_atomiswave
ggram2,Giant Gram: All Japan Pro Wrestling 2 (Japan),1999,Sega,0,0,unknown,false,,,sega_naomi
ggx,Guilty Gear X,2000,Arc System Works,0,0,unknown,false,,,sega_naomi
ggx15,Guilty Gear X ver. 1.5,2003,Arc System Works / Sammy,0,0,unknown,false,,,sammy_atomiswave
ggxx,Guilty Gear XX (GDL-0011),2002,Arc System Works,0,0,unknown,false,,,sega_naomi
ggxxac,Guilty Gear XX Accent Core (Japan) (GDL-0041),2006,Arc System Works,0,0,unknown,false,,,sega_naomi
ggxxrl,"Guilty Gear XX #Reload (Japan, Rev A) (GDL-0019A)",2003,Arc System Works,0,0,unknown,false,,,sega_naomi
ggxxrlo,Guilty Gear XX #Reload (Japan) (GDL-0019),2003,Arc System Works,0,0,unknown,true,ggxxrl,,sega_naomi
ggxxsla,"Guilty Gear XX Slash (Japan, Rev A) (GDL-0033A)",2005,Arc System Works,0,0,unknown,false,,,sega_naomi
gram2000,Giant Gram 2000,2000,Sega,0,0,unknown,false,,,sega_naomi
gundmct,Mobile Suit Gundam: Federation Vs. Zeon,2001,Banpresto / Capcom,0,0,unknown,false,,,sega_naomi
gundmgd,Mobile Suit Gundam: Federation Vs. Zeon (GDL-0001),2001,Capcom / Banpresto,0,0,unknown,false,,,sega_naomi
gundmxgd,"Mobile Suit Gundam: Federation Vs. Zeon DX (USA, Japan) (GDL-0006)",2001,Capcom,0,0,unknown,false,,,sega_naomi
gunsur2,"Gun Survivor 2 Biohazard Code: Veronica (World, BHF2 Ver.E)",2001,Capcom / Namco,0,0,unknown,false,,,sega_naomi
gunsur2j,"Gun Survivor 2 Biohazard Code: Veronica (Japan, BHF1 Ver.E)",2001,Capcom / Namco,0,0,unknown,true,gunsur2,,sega_naomi
gwing2,Giga Wing 2,2000,Takumi / Capcom,0,0,unknown,false,,,sega_naomi
hmgeo,Heavy Metal: Geomatrix (Rev B),2001,Capcom,0,0,unknown,false,,,sega_naomi
hopper,SWP Hopper Board,2002,Sega,0,0,unknown,false,,,sega_naomi
ikaruga,Ikaruga (GDL-0010),2001,Treasure,0,270,unknown,false,,,sega_naomi
illvelo,Illvelo (Illmatic Envelope) (Japan),2008,Milestone,0,270,unknown,false,,,sega_naomi
initd,"Initial D Arcade Stage (Japan, Rev B) (GDS-0020B)",2002,Sega,0,0,unknown,false,,,sega_naomi_2
initdexp,"Initial D Arcade Stage (Export, Rev A) (GDS-0025A)",2002,Sega,0,0,unknown,false,,,sega_naomi_2
initdexpo,Initial D Arcade Stage (Export) (GDS-0025),2002,Sega,0,0,unknown,true,initdexp,,sega_naomi_2
initdo,Initial D Arcade Stage (Japan) (GDS-0020),2002,Sega,0,0,unknown,true,initd,,sega_naomi_2
initdv2e,Initial D Arcade Stage Ver. 2 (Export) (GDS-0027),2003,Sega,0,0,unknown,true,initdv2j,,sega_naomi_2
initdv2j,"Initial D Arcade Stage Ver. 2 (Japan, Rev B) (GDS-0026B)",2003,Sega,0,0,unknown,false,,,sega_naomi_2
initdv2ja,"Initial D Arcade Stage Ver. 2 (Japan, Rev A) (GDS-0026A)",2002,Sega,0,0,unknown,true,initdv2j,,sega_naomi_2
initdv2jo,Initial D Arcade Stage Ver. 2 (Japan) (GDS-0026),2002,Sega,0,0,unknown,true,initdv2j,,sega_naomi_2
initdv3e,Initial D Arcade Stage Ver. 3 (Export) (GDS-0033),2004,Sega,0,0,unknown,false,,,sega_naomi_2
initdv3j,"Initial D Arcade Stage Ver. 3 (Japan, Rev C) (GDS-0032C)",2004,Sega,0,0,unknown,false,,,sega_naomi_2
initdv3jb,"Initial D Arcade Stage Ver. 3 (Japan, Rev B) (GDS-0032B)",2004,Sega,0,0,unknown,true,initdv3j,,sega_naomi_2
inunoos,"Inu no Osanpo / Dog Walking (Japan, Export, Rev A)",2001,Wow Entertainment / Sega,0,0,unknown,false,,,sega_naomi
isshoni,Isshoni Wanwan Waiwai Puppy 2008,2008,Sega,0,0,unknown,false,,,sega_system_sp
jambo,Jambo! Safari (Rev A),1999,Sega,0,0,unknown,false,,,sega_naomi
jingystm,Jingi Storm - The Arcade (Japan) (GDL-0037),2006,Atrativa Japan,0,0,unknown,false,,,sega_naomi
karous,Karous (Japan) (GDL-0040),2006,Milestone,0,270,unknown,false,,,sega_naomi
keyboard,La Keyboard (GDS-0017),2001,Sega / G.Rev,0,0,unknown,false,,,sega_naomi
kingrt66,The King of Route 66 (Rev A),2002,Sega,0,0,unknown,false,,,sega_naomi_2
kingrt66p,The King of Route 66 (prototype),2002,Sega,0,0,unknown,true,kingrt66,,sega_naomi_2
kofnw,The King of Fighters Neowave,2004,Sammy / SNK Playmore,0,0,unknown,false,,,sammy_atomiswave
kofnwj,The King of Fighters Neowave (Japan),2004,Sammy / SNK Playmore,0,0,unknown,true,kofnw,,sammy_atomiswave
kofxi,The King of Fighters XI,2005,Sammy / SNK Playmore,0,0,unknown,false,,,sammy_atomiswave
kov7sprt,Knights of Valour - The Seven Spirits,2003,IGS / Sammy,0,0,unknown,false,,,sammy_atomiswave
kurucham,Kurukuru Chameleon (Japan) (GDL-0034),2006,Able,0,0,unknown,false,,,sega_naomi
lovebero,"Love And Berry - 1st-2nd Collection (Export, Ver 1.003)",2006,Sega,0,0,unknown,true,lovebery,,sega_system_sp
lupinsho,Lupin The Third - The Shooting (Rev A) (GDS-0018A),2001,Sega / Eighting,0,0,unknown,false,,,sega_naomi
lupinshoo,Lupin The Third - The Shooting (GDS-0018),2001,Sega / Eighting,0,0,unknown,true,lupinsho,,sega_naomi
luptype,Lupin The Third - The Typing (Rev A) (GDS-0021A),2002,Sega,0,0,unknown,false,,,sega_naomi
magicpop,Magical Poppins,2009,Sega,0,0,unknown,false,,,sega_system_sp
mamonoro,Mamoru-kun wa Norowarete Shimatta! (Japan),2008,G.Rev,0,270,unknown,false,,,sega_naomi
manicpnc,"Manic Panic Ghosts! (USA, Export)",2007,Sega,0,0,unknown,false,,,sega_naomi
marstv,Kasei Channel Mars TV (Japan),1999,Sega,0,0,unknown,false,,,sega_naomi
maxspeed,Maximum Speed,2003,SIMS / Sammy,0,0,unknown,false,,,sammy_atomiswave
mazan,"Mazan: Flash of the Blade (World, MAZ2 Ver.A)",2002,Namco,0,0,unknown,false,,,sega_naomi
mazanj,"Mazan: Flash of the Blade (Japan, MAZ1 Ver.A)",2002,Namco,0,0,unknown,true,mazan,,sega_naomi
mazanu,"Mazan: Flash of the Blade (US, MAZ3 Ver.A)",2002,Namco,0,0,unknown,true,mazan,,sega_naomi
mbaa,"Melty Blood Actress Again Version A (Japan, Rev A)",2008,Type-Moon / Ecole,0,0,unknown,false,,,sega_naomi
mbaao,Melty Blood Actress Again (Japan),2008,Type-Moon / Ecole,0,0,unknown,true,mbaa,,sega_naomi
meltyb,Melty Blood Act Cadenza Version B2 (Japan) (GDL-0039A),2006,Ecole Software,0,0,unknown,false,,,sega_naomi
meltybld,Melty Blood Act Cadenza Ver. A (Japan) (GDL-0028C),2005,Ecole Software,0,0,unknown,false,,,sega_naomi
meltyblo,Melty Blood Act Cadenza (Japan) (GDL-0028),2005,Ecole Software,0,0,unknown,true,meltybld,,sega_naomi
meltybo,Melty Blood Act Cadenza Version B (Japan) (GDL-0039),2006,Ecole Software,0,0,unknown,true,meltyb,,sega_naomi
mj1,"Sega Yonin Uchi Mahjong MJ Network Taisen Ver. (Update Disc Ver.3.000, Japan) (CDP-10002F)",2003,Sega,0,0,unknown,false,,,sega_naomi
moeru,Moeru Casinyo (Japan) (GDL-0013),2002,Altron,0,0,unknown,false,,,sega_naomi
mok,The Maze of the Kings (GDS-0022),2002,Sega,0,0,unknown,false,,,sega_naomi
monkeyba,Monkey Ball (GDS-0008),2001,Sega,0,0,unknown,false,,,sega_naomi
monomedal,Monopoly the Medal 2nd Edition (MDA-C0056A),2008,Sega,0,0,unknown,false,,,sega_system_sp
mslug6,Metal Slug 6,2006,Sega / SNK Playmore,0,0,unknown,false,,,sammy_atomiswave
mushi2eo,Mushiking The King Of Beetles - Mushiking II / III / III+ (Ver. 1.001) (World),2005,Sega,0,0,unknown,true,mushik2e,,sega_naomi
mushi2k3,Mushiking The King Of Beetles 2003 Second (Japan),2003,Sega,0,0,unknown,false,,,sega_naomi
mushi2k61,Mushiking The King Of Beetles 2006 First (Japan),2006,Sega,0,0,unknown,false,,,sega_naomi
mushi2k62,Mushiking The King Of Beetles 2006 Second (Japan),2006,Sega,0,0,unknown,false,,,sega_naomi
mushik2e,Mushiking The King Of Beetles - Mushiking II / III / III+ (Ver. 2.001) (World),2005,Sega,0,0,unknown,false,,,sega_naomi
mushik2k,Mushiking The King Of Beetles - Mushiking II / III / III+ (Ver. 1.000-) (Korea),2005,Sega,0,0,unknown,true,mushik2e,,sega_naomi
mushik4e,Mushiking The King Of Beetles - Mushiking IV / V / VI (World),2007,Sega,0,0,unknown,false,,,sega_naomi
mushik4t,Mushiking The King Of Beetles - Mushiking IV / V / VI (Taiwan),2007,Sega,0,0,unknown,true,mushik4e,,sega_naomi
mushike,"Mushiking The King Of Beetle (2K3 2ND Ver. 1.003-, World)",2004,Sega,0,0,unknown,false,,,sega_naomi
mushikeo,"Mushiking The King Of Beetle (2K3 2ND Ver. 1.002-, World)",2004,Sega,0,0,unknown,true,mushike,,sega_naomi
mushikk,"Mushiking The King Of Beetle (2K3 2ND Ver. 1.000-, Korea)",2004,Sega,0,0,unknown,true,mushike,,sega_naomi
mvsc2,"Marvel Vs. Capcom 2: New Age of Heroes (Export, Korea, Rev A)",2000,Capcom / Marvel,0,0,unknown,false,,,sega_naomi
mvsc2u,"Marvel Vs. Capcom 2: New Age of Heroes (USA, Rev A)",2000,Capcom / Marvel,0,0,unknown,true,mvsc2,,sega_naomi
ngbc,NeoGeo Battle Coliseum,2005,Sammy / SNK Playmore,0,0,unknown,false,,,sammy_atomiswave
ngbcj,NeoGeo Battle Coliseum (Japan),2005,Sammy / SNK Playmore,0,0,unknown,true,ngbc,,sammy_atomiswave
ninjaslt,"Ninja Assault (World, NJA2 Ver.A)",2000,Namco,0,0,unknown,false,,,sega_naomi
ninjaslta,"Ninja Assault (Asia, NJA4 Ver.A)",2000,Namco,0,0,unknown,true,ninjaslt,,sega_naomi
ninjasltj,"Ninja Assault (Japan, NJA1 Ver.A)",2000,Namco,0,0,unknown,true,ninjaslt,,sega_naomi
ninjasltu,"Ninja Assault (US, NJA3 Ver.A)",2000,Namco,0,0,unknown,true,ninjaslt,,sega_naomi
ntvmys,"Nittere Shiki! Mirai Yosou Studio / NTV Future Forecast Studio (Japan, Rev A)",2000,Sega / NTV,0,0,unknown,false,,,sega_naomi
ochaken,Ocha-Ken Hot Medal,2007,Sega,0,0,unknown,false,,,sega_system_sp
otrigger,OutTrigger,1999,Sega,0,0,unknown,false,,,sega_naomi
pjustic,Project Justice / Moero! Justice Gakuen (Rev B),2000,Capcom,0,0,unknown,false,,,sega_naomi
pjustica,Project Justice / Moero! Justice Gakuen (Rev A),2000,Capcom,0,0,unknown,true,pjustic,,sega_naomi
pokasuka,Pokasuka Ghost! (Japan),2007,Sega,0,0,unknown,true,manicpnc,,sega_naomi
pstone,Power Stone,1999,Capcom,0,0,unknown,false,,,sega_naomi
pstone2,Power Stone 2,2000,Capcom,0,0,unknown,false,,,sega_naomi
pstone2b,Power Stone 2 (bootleg),2000,Capcom,0,0,unknown,true,pstone2,,sega_naomi
psyvar2,Psyvariar 2 - The Will To Fabricate (Japan) (GDL-0024),2003,Success,0,270,unknown,false,,,sega_naomi
puyoda,Puyo Puyo Da! (Japan),1999,Compile,0,0,unknown,false,,,sega_naomi
puyofev,Puyo Pop Fever (World) (GDS-0034),2003,Sega,0,0,unknown,false,,,sega_naomi
puyofevj,Puyo Puyo Fever (Japan) (GDS-0031),2003,Sega,0,0,unknown,true,puyofev,,sega_naomi
puyomedal,Puyo Puyo! The Medal Edition,2009,Sega,0,0,unknown,false,,,sega_system_sp
qmegamis,Quiz Aa! Megami-sama ~Tatakau Tsubasa to Tomoni~ (Japan),2000,Sega,0,0,unknown,false,,,sega_naomi
quizqgd,Quiz Keitai Q mode (GDL-0017),2002,Amedio (Taito license),0,270,unknown,false,,,sega_naomi
radirgy,"Radirgy (Japan, Rev A) (GDL-0032A)",2005,Milestone,0,270,unknown,false,,,sega_naomi
radirgyn,Radirgy Noa (Japan),2009,Milestone / Lucky,0,0,unknown,false,,,sega_naomi
radirgyo,Radirgy (Japan) (GDL-0032),2005,Milestone,0,270,unknown,true,radirgy,,sega_naomi
rangrmsn,Ranger Mission,2004,RIZ Inc./ Sammy,0,0,unknown,false,,,sammy_atomiswave
rhytngk,Rhythm Tengoku (Japan),2007,Sega / Nintendo - J.P ROOM,0,0,unknown,false,,,sega_naomi
ringout,Ring Out 4x4 (Rev A),1999,Sega,0,0,unknown,false,,,sega_naomi
ringouto,Ring Out 4x4,1999,Sega,0,0,unknown,true,ringout,,sega_naomi
rumblef,The Rumble Fish,2004,Sammy / Dimps,0,0,unknown,false,,,sammy_atomiswave
rumblef2,The Rumble Fish 2,2005,Sammy / Dimps,0,0,unknown,false,,,sammy_atomiswave
rumblefp,The Rumble Fish (prototype),2004,Sammy / Dimps,0,0,unknown,true,rumblef,,sammy_atomiswave
rumblf2p,The Rumble Fish 2 (prototype),2005,Sammy / Dimps,0,0,unknown,true,rumblef2,,sammy_atomiswave
salmankt,Net@Select: Salaryman Kintaro,2004,Yuki Enterprise / Sammy,0,0,unknown,false,,,sammy_atomiswave
samba,Samba De Amigo (Rev B),1999,Sega,0,0,unknown,false,,,sega_naomi
samba2k,Samba de Amigo ver. 2000 (Japan),2000,Sega,0,0,unknown,false,,,sega_naomi
sambaa,Samba De Amigo (Rev A),1999,Sega,0,0,unknown,true,samba,,sega_naomi
sambap,"Samba De Amigo (USA, prototype)",1999,Sega,0,0,unknown,true,samba,,sega_naomi
samsptk,Samurai Spirits Tenkaichi Kenkakuden,2005,Sammy / SNK Playmore,0,0,unknown,false,,,sammy_atomiswave
senko,"Senko no Ronde (Japan, Rev A) (GDL-0030A)",2005,G.Rev,0,0,unknown,false,,,sega_naomi
senkoo,Senko no Ronde (Japan) (GDL-0030),2005,G.Rev,0,0,unknown,true,senko,,sega_naomi
senkosp,"Senko no Ronde Special (Export, Japan) (GDL-0038)",2006,G.Rev,0,0,unknown,false,,,sega_naomi
sfz3ugd,Street Fighter Zero 3 Upper (Japan) (GDL-0002),2001,Capcom,0,0,unknown,false,,,sega_naomi
sgdrvsim,Driving Simulator,2007,Sega,0,0,unknown,false,,,sega_naomi_2
sgtetris,Sega Tetris,1999,Sega,0,0,unknown,false,,,sega_naomi
shaktam,Shakatto Tambourine (Rev B) (GDS-0002B),2000,Sega,0,0,unknown,false,,,sega_naomi
shaktamb,Shakatto Tambourine Cho Powerup Chu (2K1 AUT) (GDS-0016),2001,Sega,0,0,unknown,false,,,sega_naomi
shaktmsp,Shakatto Tambourine Motto Norinori Shinkyoku Tsuika (2K1 SPR) (GDS-0013),2001,Sega,0,0,unknown,false,,,sega_naomi
shikgam2,Shikigami no Shiro II / The Castle of Shikigami II (GDL-0021),2003,Alfa System,0,270,unknown,false,,,sega_naomi
shootopl,Shootout Pool,2002,Sega,0,0,unknown,false,,,sega_naomi
shootpl,"Shootout Pool Prize (Export) / Shootout Pool The Medal (Japan, Rev A)",2003,Sega,0,0,unknown,false,,,sega_naomi
shootplm,Shootout Pool Prize (Export) / Shootout Pool The Medal (Japan) Version B,2004,Sega,0,0,unknown,false,,,sega_naomi
shootplmp,Shootout Pool Prize (Export) / Shootout Pool The Medal (Japan) Version B (prototype),2004,Sega,0,0,unknown,true,shootplm,,sega_naomi
shors2k2,"Star Horse 2002 (sound, Export/Taiwan)",2002,Sega,0,0,unknown,false,,,sega_naomi
shorsepr,Star Horse Progress Returns (satellite),2009,Sega,0,270,unknown,false,,,sega_naomi
sl2007,Shooting Love 2007 (Japan),2007,Triangle Service,0,270,unknown,false,,,sega_naomi
slasho,Slashout,2000,Sega,0,0,unknown,false,,,sega_naomi
slashout,Slashout (GDS-0004),2000,Sega,0,0,unknown,false,,,sega_naomi
smlg99,World Series 99 / Super Major League 99,1999,Sega,0,0,unknown,false,,,sega_naomi
soulsurf,Soul Surfer (Rev A),2002,Sega,0,0,unknown,false,,,sega_naomi_2
spawn,Spawn: In the Demon's Hand (Rev B),1999,Todd McFarlane / Capcom,0,0,unknown,false,,,sega_naomi
spkrbtl,Spikers Battle (GDS-0005),2001,Sega,0,0,unknown,false,,,sega_naomi
sprtjam,Sports Jam (GDS-0003),2000,Sega,0,0,unknown,false,,,sega_naomi
sprtshot,Sports Shooting USA,2003,Sammy USA,0,0,unknown,false,,,sammy_atomiswave
ss2005,"Super Shanghai 2005 (Japan, Rev A) (GDL-0031A)",2005,Starfish,0,0,unknown,false,,,sega_naomi
ss2005o,Super Shanghai 2005 (Japan) (GDL-0031),2005,Starfish,0,0,unknown,true,ss2005,,sega_naomi
sstrkfgt,Sega Strike Fighter (Rev A),2000,Sega,0,0,unknown,false,,,sega_naomi
sstrkfgta,"Sega Strike Fighter (Rev A, no training mode)",2000,Sega,0,0,unknown,true,sstrkfgt,,sega_naomi
starseek,Doki Doki Idol Star Seeker (GDL-0005),2001,G.Rev,0,0,unknown,false,,,sega_naomi
suchie3,Idol Janshi Suchie-Pai 3 (Japan),1999,Jaleco,0,0,unknown,false,,,sega_naomi
sushibar,Sushi Bar / Toretore! Sushi,2003,Sammy,0,0,unknown,false,,,sammy_atomiswave
takoron,Noukone Puzzle Takoron (Japan) (GDL-0042),2006,Compile Heart,0,0,unknown,false,,,sega_naomi
tduno,Touch de Uno! / Unou Nouryoku Check Machine (Japan),1999,Sega,0,0,unknown,false,,,sega_naomi
tduno2,Touch de Uno! 2 (Japan),2000,Sega,0,0,unknown,false,,,sega_naomi
tetgiano,Tetris Giant / Tetris Dekaris (MDA-C0076),2009,Sega,0,0,unknown,true,tetgiant,,sega_system_sp
tetkiwam,Tetris Kiwamemichi (Japan) (GDL-0020),2004,Success,0,0,unknown,false,,,sega_naomi
tokyobus,"Tokyo Bus Guide (Japan, Rev A)",1999,Fortyfive,0,0,unknown,false,,,sega_naomi
toukon4,"Shin Nihon Pro Wrestling Toukon Retsuden 4 Arcade Edition (Japan, TRF1 Ver.A)",2000,Namco,0,0,unknown,false,,,sega_naomi
toyfight,Toy Fighter,1999,Sega / Anchor Inc.,0,0,unknown,false,,,sega_naomi
trgheart,Trigger Heart Exelica Ver.A (Japan) (GDL-0036A),2006,Warashi,0,270,unknown,false,,,sega_naomi
trghearto,Trigger Heart Exelica (Japan) (GDL-0036),2006,Warashi,0,270,unknown,true,trgheart,,sega_naomi
trizeal,Trizeal (Japan) (GDL-0026),2004,Triangle Service,0,270,unknown,false,,,sega_naomi
undefeat,Under Defeat (Japan) (GDL-0035),2005,G.Rev,0,270,unknown,false,,,sega_naomi
unomedal,UNO the Medal,2009,Sega,0,0,unknown,false,,,sega_system_sp
usagiym,Usagi - Yamashiro Mahjong Hen (Japan) (GDL-0022),2003,Warashi / Mahjong Kobo / Taito,0,0,unknown,false,,,sega_naomi
vathlete,Virtua Athletics / Virtua Athlete (GDS-0019),2001,Sega,0,0,unknown,false,,,sega_naomi
vf4,Virtua Fighter 4 Version C (GDS-0012C),2001,Sega,0,0,unknown,false,,,sega_naomi_2
vf4b,Virtua Fighter 4 (Rev B) (GDS-0012B),2001,Sega,0,0,unknown,true,vf4,,sega_naomi_2
vf4cart,Virtua Fighter 4 (World),2002,Sega,0,0,unknown,false,,,sega_naomi_2
vf4evo,Virtua Fighter 4: Evolution (Version B) (Japan) (GDS-0024C),2002,Sega,0,0,unknown,false,,,sega_naomi_2
vf4evoa,Virtua Fighter 4: Evolution (Japan) (GDS-0024A),2002,Sega,0,0,unknown,true,vf4evo,,sega_naomi_2
vf4evob,Virtua Fighter 4: Evolution (Version B) (Japan) (GDS-0024B),2002,Sega,0,0,unknown,true,vf4evo,,sega_naomi_2
vf4evoct,Virtua Fighter 4: Evolution (World),2002,Sega,0,0,unknown,false,,,sega_naomi_2
vf4o,Virtua Fighter 4 (GDS-0012),2001,Sega,0,0,unknown,true,vf4,,sega_naomi_2
vf4tuned,Virtua Fighter 4: Final Tuned (Ver. B) (GDS-0036F),2004,Sega,0,0,unknown,false,,,sega_naomi_2
vf4tuneda,Virtua Fighter 4: Final Tuned (Rev A) (GDS-0036A),2004,Sega,0,0,unknown,true,vf4tuned,,sega_naomi_2
vf4tunedd,Virtua Fighter 4: Final Tuned (Ver. A) (GDS-0036D),2004,Sega,0,0,unknown,true,vf4tuned,,sega_naomi_2
vfurlong,Net@Select: Horse Racing - Victory Furlong,2005,Progress / Sammy,0,0,unknown,false,,,sammy_atomiswave
virnbao,Virtua NBA,2000,Sega,0,0,unknown,true,virnba,,sega_naomi
virnbap,Virtua NBA (prototype),1999,Sega,0,0,unknown,true,virnba,,sega_naomi
virnbapa,"Virtua NBA (prototype, 15.11)",1999,Sega,0,0,unknown,true,virnba,,sega_naomi
vonot,Cyber Troopers Virtual-On: Oratorio Tangram M.S.B.S. ver 5.66 2000 Edition,2000,Sega,0,0,unknown,false,,,sega_naomi
vs2_2k,Virtua Striker 2 Ver. 2000 (Rev C),1999,Sega,0,0,unknown,false,,,sega_naomi
vs2_2ko,Virtua Striker 2 Ver. 2000,1999,Sega,0,0,unknown,true,vs2_2k,,sega_naomi
vstrik3,Virtua Striker 3 (GDS-0006),2001,Sega,0,0,unknown,false,,,sega_naomi_2
vstrik3c,"Virtua Striker 3 (World, Rev B)",2001,Amusement Vision / Sega,0,0,unknown,false,,,sega_naomi_2
vstrik3co,Virtua Striker 3 (World),2001,Amusement Vision / Sega,0,0,unknown,true,vstrik3c,,sega_naomi_2
vtenis2c,Virtua Tennis 2 / Power Smash 2 (Rev A),2001,Sega,0,0,unknown,false,,,sega_naomi
vtennis,Virtua Tennis / Power Smash,1999,Sega,0,0,unknown,false,,,sega_naomi
vtennis2,Virtua Tennis 2 / Power Smash 2 (Rev A) (GDS-0015A),2001,Sega,0,0,unknown,false,,,sega_naomi
vtennisg,Virtua Tennis / Power Smash (GDS-0011),2001,Sega,0,0,unknown,false,,,sega_naomi
waidrive,WaiWai Drive,2005,MOSS / Sammy,0,270,unknown,false,,,sammy_atomiswave
wccf116,World Club Champion Football Serie A 2001-2002 Ver.2 (Japan) (CDP-10001C),2003,Hitmaker / Sega,0,0,unknown,false,,,sega_naomi
wccf1dup,World Club Champion Football Serie A 2001-2002 DIMM FIRM Ver.3.03 (CDP-10003),2002,Hitmaker / Sega,0,0,unknown,false,,,sega_naomi
wccf212e,World Club Champion Football Serie A 2002-2003 Ver.2.12 (Italy) (CDV-10002),2004,Hitmaker / Sega,0,0,unknown,false,,,sega_naomi
wccf234j,World Club Champion Football Serie A 2002-2003 Ver.2.34 (Japan) (CDV-10008),2004,Hitmaker / Sega,0,0,unknown,false,,,sega_naomi
wccf310j,World Club Champion Football European Clubs 2004-2005 (Asia) (CDV-10013),2005,Sega,0,0,unknown,false,,,sega_naomi
wccf322e,World Club Champion Football European Clubs 2004-2005 Ver.3.22 (Export) (CDV-10015P),2005,Sega,0,0,unknown,false,,,sega_naomi
wccf331e,World Club Champion Football European Clubs 2004-2005 Ver.1.1 (Export) (CDV-10015),2005,Sega,0,0,unknown,true,wccf322e,,sega_naomi
wccf331j,World Club Champion Football European Clubs 2004-2005 Ver.1.1 (Japan) (CDV-10020),2005,Sega,0,0,unknown,true,wccf341j,,sega_naomi
wccf341j,World Club Champion Football European Clubs 2004-2005 Ver.1.2 (Japan) (CDV-10021),2006,Sega,0,0,unknown,false,,,sega_naomi
wccf400j,World Club Champion Football European Clubs 2005-2006 (Japan) (CDV-10025),2006,Sega,0,0,unknown,false,,,sega_naomi
wccf420e,World Club Champion Football European Clubs 2005-2006 (Export) (CDV-10027),2006,Sega,0,0,unknown,false,,,sega_naomi
westdrmg,Western Dream Gold,2009,Sega,0,0,unknown,false,,,sega_system_sp
wldkicks,"World Kicks (World, WK2 Ver.A)",2000,Namco,0,0,unknown,false,,,sega_naomi
wldkicksj,"World Kicks (Japan, WK1 Ver.A)",2000,Namco,0,0,unknown,true,wldkicks,,sega_naomi
wldkickspj,"World Kicks PCB (Japan, WKC1 Ver.A)",2000,Namco,0,0,unknown,true,wldkicks,,sega_naomi
wldkickspw,"World Kicks PCB (World, WKC2 Ver.A)",2000,Namco,0,0,unknown,true,wldkicks,,sega_naomi
wldkicksu,"World Kicks (US, WK3 Ver.A)",2000,Namco,0,0,unknown,true,wldkicks,,sega_naomi
wldrider,Wild Riders,2001,Wow Entertainment / Sega,0,0,unknown,false,,,sega_naomi_2
wrungpo,"Wave Runner GP (USA, Rev A)",2001,CRI / Sega,0,0,unknown,true,wrungp,,sega_naomi
wsbbgd,World Series Baseball / Super Major League (GDS-0010),2001,Sega,0,0,unknown,false,,,sega_naomi
wwfroyal,WWF Royal Rumble,2000,Sega,0,0,unknown,false,,,sega_naomi
xtrmhnt2,Extreme Hunting 2,2006,Sega,0,0,unknown,false,,,sammy_atomiswave
xtrmhunt,Extreme Hunting,2004,Sammy,0,0,unknown,false,,,sammy_atomiswave
zerogu2,Zero Gunner 2,2001,Psikyo,0,0,unknown,false,,,sega_naomi
zombrvn,Zombie Revenge (Rev A),1999,Sega,0,0,unknown,false,,,sega_naomi
zombrvne,Zombie Revenge (Export),1999,Sega,0,0,unknown,true,zombrvn,,sega_naomi
zombrvno,Zombie Revenge,1999,Sega,0,0,unknown,true,zombrvn,,sega_naomi
zunou,"Touch De Zunou (Japan, Rev A)",2006,Sega,0,0,unknown,false,,,sega_naomi
